ID,Num_Indiv_Modules
PGC_AMC_1132,4
PGC_AMC_1133,4
PGC_AMC_1134,4
PGC_AMC_1135,2
PGC_AMC_1136,4
PGC_AMC_1137,2
PGC_AMC_1138,4
PGC_AMC_1139,3
PGC_AMC_1140,4
PGC_AMC_1141,3
PGC_AMC_1142,4
PGC_AMC_1143,2
PGC_AMC_1144,3
PGC_AMC_1145,3
PGC_AMC_1146,4
PGC_AMC_1147,3
PGC_AMC_1148,4
PGC_AMC_1149,3
PGC_AMC_1150,4
PGC_AMC_1151,4
PGC_AMC_1152,4
PGC_AMC_1154,5
PGC_AMC_1155,4
PGC_AMC_1156,4
PGC_AMC_1157,3
PGC_AMC_1158,3
PGC_AMC_1159,3
PGC_AMC_1160,3
PGC_AMC_1161,3
PGC_AMC_1162,4
PGC_AMC_1163,4
PGC_AMC_1164,3
PGC_AMC_1166,4
PGC_AMC_1167,2
PGC_AMC_1168,2
PGC_AMC_1169,2
PGC_AMC_1170,3
PGC_AMC_1171,3
PGC_AMC_1172,4
PGC_AMC_1173,4
PGC_AMC_1174,4
PGC_AMC_1175,3
PGC_AMC_1176,3
PGC_AMC_1177,4
PGC_AMC_1178,4
PGC_AMC_1179,3
PGC_AMC_1180,3
PGC_AMC_1181,3
PGC_AMC_1182,4
PGC_AMC_1183,4
PGC_AMC_1184,4
PGC_AMC_1185,3
PGC_AMC_1186,4
PGC_AMC_1187,3
PGC_AMC_1188,3
PGC_AMC_1189,3
PGC_AMC_1190,5
PGC_AMC_1191,4
PGC_AMC_1192,4
PGC_AMC_1193,3
PGC_AMC_1194,4
PGC_AMC_1195,4
PGC_AMC_1196,4
PGC_AMC_1197,5
PGC_AMC_1198,3
PGC_AMC_1199,3
PGC_AMC_1200,3
PGC_AMC_1201,2
PGC_AMC_1202,3
PGC_AMC_1203,4
PGC_AMC_1204,3
PGC_AMC_1205,2
PGC_AMC_1206,2
PGC_COL_0017136,4
PGC_COL_0037136,3
PGC_COL_0047136,4
PGC_COL_0057136,5
PGC_COL_0067136,4
PGC_COL_0087136,3
PGC_COL_0097136,4
PGC_COL_0117136,4
PGC_COL_0127136,3
PGC_COL_0137136,3
PGC_COL_0147136,2
PGC_COL_0167136,4
PGC_COL_0177136,3
PGC_COL_0197136,3
PGC_COL_0217136,3
PGC_COL_0227136,3
PGC_COL_0237136,4
PGC_COL_0247136,4
PGC_COL_0257136,4
PGC_COL_0267136,4
PGC_COL_0277136,4
PGC_COL_0287136,3
PGC_COL_0297136,4
PGC_COL_0307136,4
PGC_COL_0317136,3
PGC_COL_0327136,3
PGC_COL_0337136,4
PGC_COL_0357136,4
PGC_COL_0367136,3
PGC_COL_0387136,5
PGC_COL_0417136,3
PGC_COL_0427136,3
PGC_COL_0437136,4
PGC_COL_0447136,4
PGC_COL_0457136,4
PGC_COL_0467136,5
PGC_COL_0477136,3
PGC_COL_0487136,3
PGC_COL_0497136,4
PGC_COL_0527136,4
PGC_COL_0537136,4
PGC_COL_0547136,4
PGC_COL_0557136,4
PGC_COL_0567136,3
PGC_COL_0577136,3
PGC_COL_0607136,4
PGC_COL_0617136,3
PGC_COL_0627136,4
PGC_COL_0637136,5
PGC_COL_0647136,3
PGC_COL_0667136,4
PGC_COL_0677136,4
PGC_COL_0697136,4
PGC_COL_0717136,2
PGC_COL_0727136,4
PGC_COL_0737136,2
PGC_COL_0747136,3
PGC_COL_0797136,3
PGC_COL_0807136,4
PGC_COL_0817136,4
PGC_COL_0827136,4
PGC_COL_0837136,4
PGC_COL_0857136,4
PGC_COL_0867136,4
PGC_COL_0877136,3
PGC_COL_0887136,4
PGC_COL_0917136,6
PGC_COL_0927136,4
PGC_COL_0937136,2
PGC_COL_0947136,4
PGC_COL_0957136,4
PGC_COL_0967136,4
PGC_COL_0977136,4
PGC_COL_1007136,3
PGC_COL_1017136,3
PGC_COL_1027136,6
PGC_COL_1037136,3
PGC_COL_1047136,3
PGC_MIC_MH01,4
PGC_MIC_MH02,3
PGC_MIC_MH03,4
PGC_MIC_MH05,3
PGC_MIC_MH06,3
PGC_MIC_MH08,4
PGC_MIC_MH09,3
PGC_MIC_MH10,4
PGC_MIC_MH11,3
PGC_MIC_MH12,4
PGC_MIC_MH16,3
PGC_MIC_MH18,2
PGC_MIC_MH19,5
PGC_MIC_MH20,4
PGC_MIC_MH21,3
PGC_MIC_MH23,6
PGC_MIC_MH29,5
PGC_MIC_MH32,4
PGC_MIC_MP10,3
PGC_MIC_MP11,4
PGC_MIC_MP12,3
PGC_MIC_MP14,4
PGC_MIC_MP19,4
PGC_MIC_MP20,4
PGC_MIC_MP21,4
PGC_MIC_MP22,5
PGC_MIC_R01,3
PGC_MIC_R02,4
PGC_MIC_R06,4
PGC_MIC_R07,5
PGC_MIC_R08,4
PGC_MIC_R09,4
PGC_MIC_R10,2
PGC_MIC_R11,5
PGC_MIC_R12,4
PGC_MIC_R13,3
PGC_MIC_R15,4
PGC_MIC_R16,5
PGC_MIC_R17,3
PGC_MIC_R18,3
PGC_MIC_R19,2
PGC_MIC_R22,4
PGC_MIC_R24,4
PGC_MIC_R25,4
PGC_MIC_R26,3
PGC_MIC_R27,3
PGC_MIC_R28,4
PGC_MIC_R29,4
PGC_MIC_R30,4
PGC_MIC_R31,4
PGC_MIC_R32,3
PGC_MIC_R34,4
PGC_MIC_R35,3
PGC_MIC_R39,2
PGC_MIC_R41,5
PGC_MIC_R42,4
PGC_MIL_1000,2
PGC_MIL_1001,4
PGC_MIL_1002,2
PGC_MIL_1003,4
PGC_MIL_1004,3
PGC_MIL_1005,4
PGC_MIL_1006,3
PGC_MIL_1007,3
PGC_MIL_1008,3
PGC_MIL_1009,4
PGC_MIL_1010,2
PGC_MIL_1012,4
PGC_MIL_1013,3
PGC_MIL_1014,3
PGC_MIL_1015,5
PGC_MIL_1016,4
PGC_MIL_1017,4
PGC_MIL_1018,4
PGC_MIL_1019,4
PGC_MIL_1020,4
PGC_MIL_1021,4
PGC_MIL_1022,3
PGC_MIL_1023,2
PGC_MIL_1024,3
PGC_MIL_1025,4
PGC_MIL_1026,4
PGC_MIL_1027,3
PGC_MIL_1028,4
PGC_MIL_1029,5
PGC_MIL_1031,4
PGC_MIL_1032,3
PGC_MIL_1033,4
PGC_MIL_1034,3
PGC_MIL_1248,3
PGC_MIL_1249,3
PGC_MIL_1250,4
PGC_MIL_1251,4
PGC_MIL_1252,4
PGC_MIL_1253,4
PGC_MIL_1254,3
PGC_MIL_1255,3
PGC_MIL_1256,2
PGC_MIL_1257,3
PGC_MIL_1258,3
PGC_MIL_1259,4
PGC_MIL_1260,3
PGC_MIL_1261,4
PGC_MIL_1262,4
PGC_MIL_1263,2
PGC_MIL_1264,2
PGC_MIL_1265,6
PGC_MIL_1266,4
PGC_MIL_1267,3
PGC_MIL_1268,4
PGC_MIL_1269,3
PGC_MIL_1270,3
PGC_MIL_1271,5
PGC_MIL_1272,3
PGC_MIL_1273,3
PGC_MIL_1274,4
PGC_MIL_1275,5
PGC_MIL_1276,3
PGC_MIL_1277,3
PGC_MIL_1278,3
PGC_MIL_1279,3
PGC_MIL_969,4
PGC_MIL_970,3
PGC_MIL_971,5
PGC_MIL_972,2
PGC_MIL_973,3
PGC_MIL_974,3
PGC_MIL_975,5
PGC_MIL_976,4
PGC_MIL_977,4
PGC_MIL_978,4
PGC_MIL_979,4
PGC_MIL_980,3
PGC_MIL_981,3
PGC_MIL_982,3
PGC_MIL_983,4
PGC_MIL_984,4
PGC_MIL_985,5
PGC_MIL_986,3
PGC_MIL_987,3
PGC_MIL_989,3
PGC_MIL_990,4
PGC_MIL_991,3
PGC_MIL_992,3
PGC_MIL_993,3
PGC_MIL_994,3
PGC_MIL_995,3
PGC_MIL_996,3
PGC_MIL_997,4
PGC_MIL_998,4
PGC_MIL_999,4
PGC_MIN_588,2
PGC_MIN_636,3
PGC_MIN_661,3
PGC_MIN_663,3
PGC_MIN_664,4
PGC_MIN_666,2
PGC_MIN_667,4
PGC_MIN_668,4
PGC_MIN_669,3
PGC_MIN_670,4
PGC_MIN_671,4
PGC_MIN_672,4
PGC_MIN_674,3
PGC_MIN_675,4
PGC_MIN_676,4
PGC_MIN_677,4
PGC_MIN_678,2
PGC_MIN_679,4
PGC_MIN_680,3
PGC_MIN_681,2
PGC_MIN_682,3
PGC_MIN_683,4
PGC_MIN_684,3
PGC_MIN_685,4
PGC_MIN_686,3
PGC_MIN_687,4
PGC_MIN_688,2
PGC_MIN_689,5
PGC_MIN_690,3
PGC_MIN_691,2
PGC_MIN_692,4
PGC_MIN_693,2
PGC_MIN_694,4
PGC_MIN_695,4
PGC_MIN_696,3
PGC_MIN_697,4
PGC_MIN_698,4
PGC_MIN_699,3
PGC_MIN_700,2
PGC_MIN_701,2
PGC_MIN_702,3
PGC_MIN_703,3
PGC_MIN_704,4
PGC_MIN_705,4
PGC_MIN_706,3
PGC_MIN_707,5
PGC_MIN_708,3
PGC_MIN_709,4
PGC_MIN_710,3
PGC_MIN_711,3
PGC_MIN_712,3
PGC_MIN_713,3
PGC_MIN_714,4
PGC_MIN_715,4
PGC_MIN_716,4
PGC_MIN_717,4
PGC_MIN_718,3
PGC_MIN_719,2
PGC_MIN_720,3
PGC_MIN_721,4
PGC_MIN_722,4
PGC_MIN_723,3
PGC_MIN_724,3
PGC_MIN_725,4
PGC_MIN_726,4
PGC_MIN_727,2
PGC_MIN_728,3
PGC_MIN_729,3
PGC_MIN_730,3
PGC_MIN_731,4
PGC_MIN_732,4
PGC_MIN_733,3
PGC_MIN_734,4
PGC_MIN_735,4
PGC_MIN_737,4
PGC_MIN_738,3
PGC_MIN_739,3
PGC_MIN_740,3
PGC_MIN_741,2
PGC_MIN_742,3
PGC_MIN_743,2
PGC_MIN_744,4
PGC_MIN_745,3
PGC_MIN_746,4
PGC_MIN_747,3
PGC_MIN_748,4
PGC_MIN_749,3
PGC_MIN_750,2
PGC_MIN_751,3
PGC_MIN_752,3
PGC_MIN_753,4
PGC_MIN_754,3
PGC_MIN_755,2
PGC_MIN_756,4
PGC_MIN_757,3
PGC_MIN_758,5
PGC_MIN_760,4
PGC_MIN_762,4
PGC_MIN_763,4
PGC_MIN_781,3
PGC_MIN_782,3
PGC_MIN_783,3
PGC_MIN_784,4
PGC_MIN_785,3
PGC_MIN_786,4
PGC_MIN_790,3
PGC_MIN_791,5
PGC_MIN_792,4
PGC_NAN_SD1003,3
PGC_NAN_SD1004,3
PGC_NAN_SD1019,5
PGC_NAN_SD1021,3
PGC_NAN_SD1022,3
PGC_NAN_SD1026,3
PGC_NAN_SD1034,2
PGC_NAN_SD1038,3
PGC_NAN_SD1040,3
PGC_NAN_SD1041,4
PGC_NAN_SD1049,3
PGC_NAN_SD1053,4
PGC_NAN_SD1054,3
PGC_NAN_SD1055,3
PGC_NAN_SD1068,3
PGC_NAN_SD1069,4
PGC_NAN_SD1071,4
PGC_NAN_SD1072,4
PGC_NAN_SD1076,3
PGC_NAN_SD1077,3
PGC_NAN_SD1085,3
PGC_NAN_SD1091,3
PGC_NAN_SD1097,3
PGC_NAN_SD1099,2
PGC_NAN_SD1100,4
PGC_NAN_SD1105,3
PGC_NAN_SD1106,4
PGC_NAN_SD1107,3
PGC_NAN_SD1108,4
PGC_NAN_SD1113,3
PGC_NAN_SD1120,4
PGC_NAN_SD1122,4
PGC_NAN_SD1123,4
PGC_NAN_SD1128,2
PGC_NAN_SD1129,3
PGC_NAN_SD1130,2
PGC_NAN_SD1131,3
PGC_NAN_SD1143,3
PGC_NAN_SD1144,4
PGC_NAN_SD1151,3
PGC_NAN_SD1152,2
PGC_NAN_SD1155,4
PGC_NAN_SD1156,3
PGC_NAN_SD1160,4
PGC_NAN_SD1165,2
PGC_NAN_SD1170,2
PGC_NAN_SD1174,3
PGC_NAN_SD1177,3
PGC_NAN_SD1178,4
PGC_NAN_SD1179,3
PGC_NAN_SD1180,4
PGC_NAN_SD1181,3
PGC_NAN_SD1182,4
PGC_NAN_SD1186,3
PGC_NAN_SD1187,4
PGC_NAN_SD1213,3
PGC_NAN_SD1216,3
PGC_NAN_SD1218,4
PGC_NAN_SD1226,4
PGC_NAN_SD1227,4
PGC_NAN_SD1240,3
PGC_NAN_SD1244,3
PGC_NAN_SD1245,2
PGC_NAN_SD1248,3
PGC_NAN_SD1250,2
PGC_NAN_SD1256,5
PGC_NAN_SD1257,5
PGC_NAN_SD1260,3
PGC_NAN_SD1261,2
PGC_NAN_SD1262,3
PGC_NAN_SD1267,4
PGC_NAN_SD1274,4
PGC_NAN_SD1275,4
PGC_NAN_SD1281,4
PGC_NAN_SD1282,3
PGC_NAN_SD1283,2
PGC_NAN_SD1286,3
PGC_NAN_SD1295,4
PGC_NAN_SD1297,3
PGC_NAN_SD1298,4
PGC_NAN_SD1302,3
PGC_NAN_SD1303,2
PGC_NAN_SD1304,4
PGC_NAN_SD1305,3
PGC_NAN_SD1316,3
PGC_NAN_SD1325,2
PGC_NAN_SD1329,2
PGC_NAN_SD1330,3
PGC_NAN_SD1341,3
PGC_NAN_SD1342,2
PGC_NAN_SD1343,3
PGC_NAN_SD1344,4
PGC_NAN_SD1346,3
PGC_NAN_SD1347,3
PGC_NAN_SD1348,4
PGC_NAN_SD1349,2
PGC_NAN_SD1352,3
PGC_NAN_SD1353,2
PGC_NAN_SD1354,4
PGC_NAN_SD1355,4
PGC_NAN_SD1357,4
PGC_NAN_SD1358,2
PGC_NAN_SD1361,3
PGC_NAN_SD1365,3
PGC_NAN_SD1371,4
PGC_NAN_SD1373,3
PGC_NAN_SD1380,3
PGC_NAN_SD1382,3
PGC_NAN_SD1392,2
PGC_NAN_SD1393,4
PGC_NAN_SD1403,4
PGC_NAN_SD1407,3
PGC_NAN_SD1410,4
PGC_NAN_SD1420,3
PGC_NAN_SD1422,3
PGC_NAN_SD1423,4
PGC_NAN_SD1425,3
PGC_NAN_SD1427,4
PGC_NAN_SD1428,3
PGC_NAN_SD1433,3
PGC_NAN_SD1440,3
PGC_NAN_SD1449,4
PGC_NAN_SD1450,4
PGC_NAN_SD1456,4
PGC_NAN_SD1457,3
PGC_NAN_SD1458,3
PGC_NAN_SD1469,3
PGC_NAN_SD1471,4
PGC_NAN_SD1475,3
PGC_NAN_SD1476,4
PGC_NAN_SD1477,4
PGC_NAN_SD1478,2
PGC_NAN_SD1479,4
PGC_NAN_SD1482,3
PGC_NAN_SD1486,4
PGC_NAN_SD1487,3
PGC_NAN_SD1493,3
PGC_NAN_SD1496,3
PGC_STA_336,3
PGC_STA_337,3
PGC_STA_338,4
PGC_STA_339,3
PGC_STA_340,5
PGC_STA_342,4
PGC_STA_343,4
PGC_STA_344,2
PGC_STA_345,4
PGC_STA_346,3
PGC_STA_347,3
PGC_STA_348,2
PGC_STA_349,4
PGC_STA_351,3
PGC_STA_352,2
PGC_STA_353,4
PGC_STA_354,3
PGC_STA_355,3
PGC_STA_356,2
PGC_STA_357,4
PGC_STA_358,4
PGC_STA_359,3
PGC_STA_360,2
PGC_STA_361,4
PGC_STA_362,3
PGC_STA_363,4
PGC_STA_364,3
PGC_STA_365,3
PGC_STA_366,3
PGC_STA_367,4
PGC_STA_368,3
PGC_STA_369,3
PGC_STA_370,4
PGC_STA_371,4
PGC_STA_372,4
PGC_STA_373,3
PGC_STA_374,4
PGC_STA_376,4
PGC_STA_377,6
PGC_STA_378,4
PGC_STA_379,4
PGC_STA_380,3
PGC_STA_381,4
PGC_STA_382,4
PGC_STA_383,4
PGC_STA_385,3
PGC_STA_386,2
PGC_STA_387,3
PGC_STA_388,4
PGC_STA_390,4
PGC_STA_391,2
PGC_STA_392,3
PGC_STA_393,4
PGC_STA_394,3
PGC_STA_395,3
PGC_STA_396,3
PGC_STA_397,3
PGC_STA_398,3
PGC_STA_399,4
PGC_STA_400,4
PGC_STA_401,4
PGC_STA_402,3
PGC_STA_403,2
PGC_STA_404,4
PGC_STA_405,4
PGC_STA_406,2
PGC_STA_407,4
PGC_STA_409,3
PGC_STA_411,4
PGC_STA_412,2
PGC_STA_414,3
PGC_STA_415,4
PGC_STA_416,3
PGC_STA_418,4
PGC_STA_419,3
PGC_STA_420,4
PGC_STA_421,4
PGC_STA_423,3
PGC_STA_424,2
PGC_STA_425,3
PGC_STA_426,3
PGC_STA_427,4
PGC_STA_430,3
PGC_STA_432,2
PGC_STA_433,3
PGC_STA_434,3
PGC_STA_435,3
PGC_STA_436,3
PGC_STA_439,3
PGC_STA_440,4
PGC_STA_441,4
PGC_STA_442,4
PGC_STA_443,3
PGC_STA_445,4
PGC_STA_447,3
PGC_STA_449,2
PGC_STA_450,3
PGC_STA_452,4
PGC_STA_453,2
PGC_STA_454,4
PGC_STA_455,4
PGC_STA_456,3
PGC_STA_457,2
PGC_STA_458,3
PGC_STA_459,3
PGC_STA_461,2
PGC_STA_462,3
PGC_STA_463,3
PGC_STA_464,4
PGC_STA_465,3
PGC_STA_466,4
PGC_STA_467,4
PGC_STA_472,4
PGC_STA_473,4
PGC_STA_475,3
PGC_STA_477,4
PGC_STA_478,4
PGC_STA_479,3
PGC_STA_481,5
PGC_STA_483,5
PGC_STA_484,5
PGC_STA_485,4
PGC_STA_486,3
PGC_STA_487,4
PGC_STA_491,2
PGC_STA_493,3
PGC_STA_494,4
PGC_STA_495,4
PGC_STA_496,3
PGC_STA_497,3
PGC_STA_498,2
PGC_STA_499,4
PGC_STA_500,3
PGC_STA_502,3
PGC_STA_504,5
PGC_STA_507,4
PGC_STA_510,4
PGC_STA_511,2
PGC_STA_512,3
PGC_STA_513,3
PGC_STA_514,4
PGC_STA_515,3
PGC_STA_516,3
PGC_STA_517,3
PGC_STA_518,3
PGC_STA_519,4
PGC_STA_520,5
PGC_STA_522,2
PGC_STA_523,3
PGC_STA_524,2
PGC_STA_525,3
PGC_STA_526,3
PGC_STA_527,4
PGC_STA_528,4
PGC_STA_529,2
PGC_STA_531,3
PGC_STA_532,5
PGC_STA_533,3
PGC_STA_534,3
PGC_STA_535,4
PGC_STA_536,3
PGC_STA_537,4
PGC_STA_538,3
PGC_STA_539,2
PGC_STA_540,4
PGC_STA_541,4
PGC_TOL_MVA01RB,3
PGC_TOL_MVA03YB,3
PGC_TOL_MVA04ZB,4
PGC_TOL_MVA07NB,4
PGC_TOL_MVA105NB,4
PGC_TOL_MVA112NB,4
PGC_TOL_MVA113EB,3
PGC_TOL_MVA118GB,2
PGC_TOL_MVA125NB,4
PGC_TOL_MVA126NB,3
PGC_TOL_MVA127MB,3
PGC_TOL_MVA130NB,3
PGC_TOL_MVA134EB,4
PGC_TOL_MVA137NB,3
PGC_TOL_MVA13XB,3
PGC_TOL_MVA140NB,5
PGC_TOL_MVA143AB,5
PGC_TOL_MVA145NB,3
PGC_TOL_MVA146GB,4
PGC_TOL_MVA14RB,5
PGC_TOL_MVA16MB,2
PGC_TOL_MVA17RB,4
PGC_TOL_MVA18EB,4
PGC_TOL_MVA19KB,3
PGC_TOL_MVA21LB,3
PGC_TOL_MVA23LB,4
PGC_TOL_MVA27NB,3
PGC_TOL_MVA29ZB,3
PGC_TOL_MVA30NB,2
PGC_TOL_MVA34OB,5
PGC_TOL_MVA35SB,3
PGC_TOL_MVA37SB,4
PGC_TOL_MVA41RB,4
PGC_TOL_MVA65YB,3
PGC_TOL_MVA68SB,4
PGC_TOL_MVA75NB,4
PGC_TOL_MVA81NB,4
PGC_TOL_MVA87GB,2
PGC_TOL_MVA88GB,4
PGC_TOL_MVA89NB,3
PGC_TOL_MVA91HB,5
PGC_TOL_MVA92GB,3
PGC_TOL_MVA97AB,4
PGC_TOL_ONG11490958,2
PGC_TOL_ONG13182675,4
PGC_TOL_ONG16064292,4
PGC_TOL_ONG17023962,3
PGC_TOL_ONG17379313,4
PGC_TOL_ONG23341166,3
PGC_TOL_ONG32523387,3
PGC_TOL_ONG32750546,3
PGC_TOL_ONG35654985,5
PGC_TOL_ONG37755894,3
PGC_TOL_ONG40001040,2
PGC_TOL_ONG41101533,5
PGC_TOL_ONG43841296,3
PGC_TOL_ONG47783493,3
PGC_TOL_ONG54411178,3
PGC_TOL_ONG56107592,4
PGC_TOL_ONG59108603,3
PGC_TOL_ONG60850328,4
PGC_TOL_ONG63053840,3
PGC_TOL_ONG64788764,3
PGC_TOL_ONG66895210,4
PGC_TOL_ONG67848360,4
PGC_TOL_ONG68248200,4
PGC_TOL_ONG68865597,3
PGC_TOL_ONG69145905,4
PGC_TOL_ONG69946241,3
PGC_TOL_ONG80442756,4
PGC_TOL_ONG81310933,3
PGC_TOL_ONG82429457,4
PGC_TOL_ONG82988363,4
PGC_TOL_ONG95568203,4
PGC_TOL_ONG96056205,4
PGC_TOL_ONG96215975,4
PGC_TOL_ONG96923476,4
PGC_TOL_ONG99674743,4
PGC_UMN_MARS2_101,4
PGC_UMN_MARS2_102,3
PGC_UMN_MARS2_106,2
PGC_UMN_MARS2_109,4
PGC_UMN_MARS2_111,4
PGC_UMN_MARS2_112,3
PGC_UMN_MARS2_113,2
PGC_UMN_MARS2_117,3
PGC_UMN_MARS2_118,3
PGC_UMN_MARS2_119,4
PGC_UMN_MARS2_122,3
PGC_UMN_MARS2_123,3
PGC_UMN_MARS2_124,4
PGC_UMN_MARS2_125,2
PGC_UMN_MARS2_127,5
PGC_UMN_MARS2_128,3
PGC_UMN_MARS2_129,4
PGC_UMN_MARS2_130,2
PGC_UMN_MARS2_134,5
PGC_UMN_MARS2_136,3
PGC_UMN_MARS2_137,3
PGC_UMN_MARS2_138,4
PGC_UMN_MARS2_139,4
PGC_UMN_MARS2_140,4
PGC_UMN_MARS2_142,2
PGC_UMN_MARS2_143,5
PGC_UMN_MARS2_145,3
PGC_UMN_MARS2_146,3
PGC_UMN_MARS2_148,3
PGC_UMN_MARS2_149,4
PGC_UMN_MARS2_150,3
PGC_UMN_MARS2_151,3
PGC_UMN_MARS2_152,4
PGC_UMN_MARS2_154,3
PGC_UMN_MARS2_155,4
PGC_UMN_MARS2_156,3
PGC_UMN_MARS2_157,3
PGC_UMN_MARS2_158,3
PGC_UMN_MARS2_160,3
PGC_UMN_MARS2_161,4
PGC_UMN_MARS2_162,4
PGC_UMN_MARS2_163,3
PGC_UMN_MARS2_165,3
PGC_UMN_MARS2_167,3
PGC_UMN_MARS2_169,4
PGC_UMN_MARS2_170,3
PGC_UMN_MARS2_172,5
PGC_UMN_MARS2_173,3
PGC_UMN_MARS2_174,4
PGC_UMN_MARS2_176,3
PGC_UMN_MARS2_177,2
PGC_UMN_MARS2_178,4
PGC_UMN_MARS2_179,3
PGC_UMN_MARS2_181,3
PGC_UMN_MARS2_184,2
PGC_UMN_MARS2_185,3
PGC_UMN_MARS2_189,4
PGC_UMN_MARS2_191,3
PGC_UMN_MARS2_197,3
PGC_UTR_be1a031010,3
PGC_UTR_be1b261110,2
PGC_UTR_be1c030411,3
PGC_UTR_be1d100611,4
PGC_UTR_be1e281011,4
PGC_UTR_be1g060412,3
PGC_UTR_be1h250612,3
PGC_UTR_be1i181212,3
PGC_UTR_be1j020213,5
PGC_UTR_be1k060313,4
PGC_UTR_be1l080213,5
PGC_UTR_be2a130211,3
PGC_UTR_be2b121210,4
PGC_UTR_be2c070511,4
PGC_UTR_be2d290811,3
PGC_UTR_be2e121111,2
PGC_UTR_be2g290312,4
PGC_UTR_be2h060712,4
PGC_UTR_be2i090113,5
PGC_UTR_be2j150113,3
PGC_UTR_be2k060213,3
PGC_UTR_be2l130313,4
PGC_UTR_be3a091010,3
PGC_UTR_be3b261110,4
PGC_UTR_be3d290811,5
PGC_UTR_be3e141111,3
PGC_UTR_be3f090212,4
PGC_UTR_be3g060412,2
PGC_UTR_be3h060712,3
PGC_UTR_be3i140113,4
PGC_UTR_be3j200113,4
PGC_UTR_be3k140313,3
PGC_UTR_be4a231010,3
PGC_UTR_be4b121210,4
PGC_UTR_be4c070511,3
PGC_UTR_be4d010711,4
PGC_UTR_be4e111111,3
PGC_UTR_be4f280412,4
PGC_UTR_be4g140512,3
PGC_UTR_be4h300712,3
PGC_UTR_be4i130213,4
PGC_UTR_be4j280213,5
PGC_UTR_be4k060213,4
PGC_UTR_be5a300910,3
PGC_UTR_be5b130111,4
PGC_UTR_be5c090511,3
PGC_UTR_be5d090711,4
PGC_UTR_be5e101211,5
PGC_UTR_be5f250212,6
PGC_UTR_be5g020512,2
PGC_UTR_be5h280812,5
PGC_UTR_be5i160113,4
PGC_UTR_be5j280213,6
PGC_UTR_be5k240313,4
PGC_UTR_be6a091010,2
PGC_UTR_be6b270111,3
PGC_UTR_be6c230511,3
PGC_UTR_be6d010711,3
PGC_UTR_be6e291111,4
PGC_UTR_be6f060212,3
PGC_UTR_be6g150512,3
PGC_UTR_be6h150812,3
PGC_UTR_be6i200113,4
PGC_UTR_be6j020213,4
PGC_UTR_be6k110313,3
PGC_UTR_be7a061110,4
PGC_UTR_be7b130111,3
PGC_UTR_be7c100611,4
PGC_UTR_be7f100212,4
PGC_UTR_be7g120612,4
PGC_UTR_be7i200113,4
PGC_UTR_be7j030213,4
PGC_UTR_be7k140313,4
PGC_UTR_be8g040612,4
PGC_UTR_be8h211212,4
PGC_UTR_be8i200113,3
PGC_UTR_be8j130213,4
PGC_UTR_be8k060213,4
PGC_UTR_be9a061110,3
PGC_UTR_be9c270511,4
PGC_UTR_be9d090911,3
PGC_UTR_be9e141211,3
PGC_UTR_be9f280212,3
PGC_UTR_be9g040612,4
PGC_UTR_be9h071112,3
PGC_UTR_be9i250213,3
PGC_UTR_beob261110,4
PGC_UTR_beod060611,3
PGC_UTR_beog230212,3
PGC_UTR_beoh180612,3
PGC_UTR_beoi241212,3
PGC_UTR_beoj200113,4
PGC_WCI_DOP_001,4
PGC_WCI_DOP_002,4
PGC_WCI_DOP_003,3
PGC_WCI_DOP_004,4
PGC_WCI_DOP_005,4
PGC_WCI_DOP_010,4
PGC_WCI_DOP_015,4
PGC_WCI_DOP_017,3
PGC_WCI_DOP_018,4
PGC_WCI_DOP_020,5
PGC_WCI_DOP_027,4
PGC_WCI_DOP_031,3
PGC_WCI_DOP_034,4
PGC_WCI_DOP_044,3
PGC_WCI_DOP_049,3
PGC_WCI_DOP_053,4
PGC_WCI_DOP_057,4
PGC_WCI_DOP_060,4
PGC_WCI_DOP_067,4
PGC_WCI_DOP_070,4
PGC_WCI_DOP_071,4
PGC_WCI_DOP_073,3
PGC_WCI_DOP_075,4
PGC_WCI_DOP_076,4
PGC_WCI_DOP_080,5
PGC_WCI_DOP_081,5
PGC_WCI_DOP_201,3
PGC_WCI_DOP_202,3
PGC_WCI_DOP_203,4
PGC_WCI_DOP_207,3
PGC_WCI_DOP_208,3
PGC_WCI_DOP_209,4
PGC_WCI_DOP_210,2
PGC_WCI_DOP_215,4
PGC_WCI_DOP_216,3
PGC_WCI_DOP_217,2
PGC_WCI_DOP_218,4
PGC_WCI_DOP_219,3
PGC_WCI_DOP_222,4
PGC_WCI_DOP_223,4
PGC_WCI_DOP_224,4
PGC_WCI_DOP_225,4
PGC_WCI_DOP_226,4
PGC_WCI_DOP_228,3
PGC_WCI_DOP_229,4
PGC_WCI_DOP_230,4
PGC_WCI_DOP_231,2
PGC_WCI_DOP_233,5
PGC_WCI_DOP_234,4
PGC_WCI_DOP_236,3
PGC_WCI_DOP_238,3
PGC_WCI_DOP_239,4
PGC_WCI_DOP_240,2
PGC_WCI_DOP_244,4
PGC_WCI_DOP_247,4
PGC_WCI_DOP_249,2
PGC_WCI_DOP_250,3
PGC_WCI_DOP_256,4
PGC_WCI_DOP_261,4
PGC_WCI_DOP_265,3
PGC_WCI_DOP_268,3
PGC_WCI_DOP_270,2
PGC_WCI_DOP_271,4
PGC_WCI_DOP_273,4
PGC_WCI_DOP_282,4
PGC_WCI_DOP_285,4
PGC_WCI_DOP_288,4
PGC_WCI_DOP_290,4
PGC_WCI_DOP_291,3
PGC_WCI_EMOREG_401,4
PGC_WCI_EMOREG_404,3
PGC_WCI_EMOREG_407,4
PGC_WCI_EMOREG_409,3
PGC_WCI_EMOREG_416,3
PGC_WCI_EMOREG_417,3
PGC_WCI_EMOREG_419,2
PGC_WCI_EMOREG_420,4
PGC_WCI_EMOREG_421,4
PGC_WCI_EMOREG_422,3
PGC_WCI_EMOREG_423,4
PGC_WCI_EMOREG_425,4
PGC_WCI_PAL_005,3
PGC_WCI_PAL_006,4
PGC_WCI_PAL_008,3
PGC_WCI_PAL_010,5
PGC_WCI_PAL_011,2
PGC_WCI_PAL_013,3
PGC_WCI_PAL_016,3
PGC_WCI_PAL_018,4
PGC_WCI_PAL_020,3
PGC_WCI_PAL_023,4
PGC_WCI_PAL_024,3
PGC_WCI_PAL_025,4
PGC_WCI_PAL_026,3
PGC_WCI_PAL_027,4
PGC_WCI_PAL_028,4
PGC_WCI_PAL_030,2
PGC_WCI_PAL_031,5
PGC_WCI_PAL_033,3
PGC_WCI_PAL_034,4
PGC_WCI_PAL_035,5
PGC_WCI_PAL_036,3
PGC_WCI_PAL_039,2
PGC_WCI_PAL_043,2
PGC_WCI_PAL_044,4
PGC_WCI_PAL_045,4
